Test,Average_Time_Seconds,Std_Dev_Seconds
Baseline (hooks disabled),1.33739200000000000000,1.34844783470863269431
Hooks enabled (no output),1.02264960000000000000,1.05414047851538269254
Hooks with file output,.67088000000000000000,.84383105859834289462
Hooks with verbose logging,.55395820000000000000,.60495495375421135566
